0,SGDClassifier,runs:/c819e4d061654b52b6159244ddbe493a/sklearn.linear_model
0,SGDClassifier,runs:/9008fe447b4647549d626b985504b200/sklearn.linear_model
0,SGDClassifier,runs:/f470f38c1f794d8c81d8927d9f81c786/sklearn.linear_model
1,GradientBoostingClassifier,runs:/fe39a4ea7ae246569ae50ef941a8c90f/sklearn.ensemble
1,GradientBoostingClassifier,runs:/708930fbbeb14960bd628daa61d4f9d7/sklearn.ensemble
0,SGDClassifier,runs:/905827dac88847978a5d77008cb792ed/sklearn.linear_model
1,GradientBoostingClassifier,runs:/98ba44cab66b4ca98ec0d1f262275fae/sklearn.ensemble
2,SVC,runs:/39ab9780da9c438cb0577e5e5b710331/sklearn.svm
1,GradientBoostingClassifier,runs:/22776eea28fd4efbb11a1e1289dd8f91/sklearn.ensemble
0,SGDClassifier,runs:/19930877d99b4285b3957bb141080c57/sklearn.linear_model
2,SVC,runs:/2f7eb8a0e9fe48a0be29d8dbc485df10/sklearn.svm
3,KNeighborsClassifier,runs:/a87922b9b72146ddb7d045980becc3d0/sklearn.neighbors
2,SVC,runs:/89e1c5aa24864358a3f1a0e9cc6742e3/sklearn.svm
3,KNeighborsClassifier,runs:/fc612b9148cf47be9447c52c40e84cbf/sklearn.neighbors
1,GradientBoostingClassifier,runs:/e7cb97f257d24133a00e47fde8b2bac4/sklearn.ensemble
4,RandomForestClassifier,runs:/aaa293c0385848019f054300bbec614f/sklearn.ensemble
3,KNeighborsClassifier,runs:/0dee2b345e8349bc96ffbbad20be5be2/sklearn.neighbors
4,RandomForestClassifier,runs:/dab45d64aa2b46e6ab7fe650974b86b1/sklearn.ensemble
2,SVC,runs:/7fb81bb809264af184aeb2b0506fcb28/sklearn.svm
4,RandomForestClassifier,runs:/a687146d21e44f09ba51aa8a3cebdf37/sklearn.ensemble
3,KNeighborsClassifier,runs:/a86f6bf25447449a904edfca86876c63/sklearn.neighbors
4,RandomForestClassifier,runs:/14b57aa37c7445a0ae2bcb7c1c6f766d/sklearn.ensemble
0,SGDClassifier,runs:/27557f67be354a5fa271d633c473ce3c/sklearn.linear_model
0,SGDClassifier,runs:/73b16c0c481546389504b0ac2506f51f/sklearn.linear_model
1,GradientBoostingClassifier,runs:/95b817050fa240ae8b40ac3c0b82d2f4/sklearn.ensemble
2,SVC,runs:/46ae05a78f844394b5ac581578cafa9a/sklearn.svm
3,KNeighborsClassifier,runs:/d41845e1ebe0496bb606d88bf4e2aa9f/sklearn.neighbors
4,RandomForestClassifier,runs:/9649da6bc17f467fba41ea8d64ae4d05/sklearn.ensemble
0,SGDClassifier,runs:/81557b4c99654192a250c26415063580/sklearn.linear_model
1,GradientBoostingClassifier,runs:/b12a438566d441028cfc2a9cdf64a0d5/sklearn.ensemble
2,SVC,runs:/45a326e8c231404fb34e4d2423dd3683/sklearn.svm
3,KNeighborsClassifier,runs:/a21efb3159b741b2ab7daff49278a238/sklearn.neighbors
4,RandomForestClassifier,runs:/7526646674e54143b822305050e2f93f/sklearn.ensemble
